G_RIGHT PROXIMAL,G_RIGHT MIDDLE,G_RIGHT DISTAL,G_LEFT PROXIMAL,G_LEFT MIDDLE,G_LEFT DISTAL,S_Scrap
2.9696,4.2851,3.9339,3.2607,3.7203,3.4327,0
4.0134,4.6128,3.2336,3.7658,3.8079,3.9771,0
2.9757,3.8599,2.3548,2.857,3.1368,3.3137,0
2.669,3.6045,2.5481,2.3197,2.7458,3.0936,0
2.7708,3.7936,2.5072,2.818,3.4237,3.5537,0
3.3977,4.2985,3.1262,3.5109,3.4953,3.8611,0
2.8967,3.8607,2.3605,3.0857,3.6622,3.7152,0
3.0593,4.661,2.9954,3.4106,4.1616,3.6918,0
3.2924,4.6664,2.9524,3.7028,3.9349,3.7955,0
3.6829,4.7319,2.947,3.7997,3.6099,3.7974,0
3.5047,4.3541,2.8448,3.8322,3.8578,4.0991,0
3.7632,4.5053,2.7196,3.8471,3.6199,3.7273,0
2.8119,3.7029,2.4315,3.025,3.1138,3.2259,0
2.6497,3.9425,2.4617,2.9178,3.2225,3.2015,0
3.1282,4.2767,3.6787,3.0961,3.4997,3.3277,0
3.1047,4.3695,2.5567,3.605,4.2508,3.7686,0
2.8122,4.069,2.5904,2.9672,3.4415,3.457,0
2.9903,4.2596,2.8979,3.4259,3.6894,3.481,0
2.6654,4.1203,2.6539,3.0372,3.3754,3.3986,0
3.519,4.7059,3.6856,3.7095,3.9785,3.5704,0
2.4661,3.4441,2.0943,2.2906,2.452,2.7822,0
4.1437,4.1364,2.4142,4.1267,3.233,3.3396,0
3.4899,4.4407,2.912,3.4721,3.6833,3.8133,0
3.3696,4.7512,3.671,3.5268,4.3647,3.7649,0
2.8167,4.0812,2.3742,2.6657,3.5895,3.2752,0
3.5078,4.6867,3.0504,3.5417,3.9167,3.8519,0
3.5259,4.3994,3.1468,3.8789,3.7662,3.8642,0
3.4973,4.5201,3.0132,3.676,4.0192,3.7454,0
3.8086,4.6358,2.7326,4.1879,4.2888,3.9467,0
3.5056,4.5922,2.9397,3.696,3.7373,3.7869,0
2.6221,3.2588,2.2511,2.7462,2.2651,2.9901,0
3.1556,4.2094,3.5516,3.2497,3.464,3.15,0
2.9248,4.0014,2.7695,2.5907,3.0764,3.3029,0
3.1654,4.4903,2.7395,3.389,4.0305,3.281,0
3.6308,4.4543,3.1169,3.7402,3.4681,3.7875,0
4.6068,4.0923,2.3835,4.5428,3.3769,3.3172,0
2.9134,4.296,2.7784,3.7371,3.5112,3.5858,0
2.5541,3.3774,2.0646,2.7371,2.8931,3.152,0
3.7146,4.3473,3.6997,4.0273,3.9222,3.4277,0
3.0158,3.9204,2.9792,3.0496,3.592,3.2597,0
3.3406,4.3905,3.0314,3.373,3.7297,3.4578,0
2.9795,3.8623,2.5767,3.0725,3.0319,3.4852,0
3.2267,4.2721,2.6765,2.9044,3.0348,2.9489,0
2.7184,3.9055,2.2536,2.8249,3.3299,3.3254,0
3.5686,4.8837,3.3046,3.7147,3.9604,3.9841,0
2.1909,3.3975,2.07,1.9936,2.4672,2.8521,0
2.9431,3.8138,2.294,2.6192,3.1213,3.0015,0
2.9419,4.0007,2.5413,2.9327,3.8283,3.2568,0
3.1486,4.2815,3.8836,3.2516,3.4451,3.3658,0
3.0747,4.4687,3.3076,3.2932,3.5139,3.6604,0
3.5763,4.5885,2.9159,3.6914,3.9287,3.8943,0
2.8878,3.9944,2.8115,2.9801,3.3065,3.3381,0
3.6414,4.6726,5.3516,4.0194,4.3595,5.8814,0
3.8547,4.4865,2.8536,3.8762,3.7959,3.7453,0
4.1044,4.7632,3.0206,3.9613,4.1746,4.047,0
2.5452,3.3412,2.4404,2.397,2.6324,2.7608,0
3.462,4.5447,3.774,3.4702,4.0105,3.7185,0
2.8772,3.8428,2.4225,2.9833,3.5522,3.3982,0
4.1391,4.6463,3.0945,4.1551,3.7267,3.9758,1
3.8738,4.7035,2.9485,3.8854,3.8364,3.6975,0
3.1591,4.2422,3.642,3.1542,3.4434,3.5782,0
2.9971,4.2429,2.4598,3.1483,3.488,3.5311,0
2.5866,3.8956,2.7232,2.67,3.1049,3.2025,0
2.4429,3.4406,2.2131,2.6429,2.5032,2.6824,0
2.9485,4.0553,1.8292,2.9142,3.1765,2.854,0
4.103,4.9441,3.9898,4.1597,4.5117,3.9861,0
3.7602,4.5444,2.9703,3.8779,3.8153,3.8958,0
2.9125,4.1215,2.4862,3.1801,3.623,3.2818,0
3.0591,4.2215,2.5086,3.2579,3.4876,3.3616,0
2.5181,4.0436,3.5384,2.8453,3.4753,3.4379,0
3.3838,4.5398,3.1005,3.5007,3.9418,3.6299,0
2.9709,4.2239,3.633,3.096,3.5022,3.5457,0
2.4861,3.6078,2.0603,2.8688,3.016,2.7256,0
3.6433,4.2217,2.9087,3.5334,3.4777,3.2389,1
3.332,4.5702,2.8789,3.8146,3.7726,3.811,0
2.3131,3.2143,2.3578,2.7861,3.03,2.7931,0
3.5169,4.147,2.92,3.3855,3.3971,3.6771,0
3.7356,3.7978,2.455,4.1652,3.3866,3.3514,0
3.3817,4.5283,2.5248,3.1926,3.506,3.4684,0
3.2465,4.3131,4.1151,3.2171,3.5448,3.8124,0
3.4903,4.4647,3.8107,3.5684,3.8419,3.6206,0
3.6765,4.6683,3.8587,3.8369,4.4291,3.9206,0
3.8977,4.8251,3.1098,3.8543,4.0291,4.1272,0
3.1229,4.5207,3.9931,3.0915,3.3846,3.0477,0
2.3896,4.7639,2.189,2.7314,4.0654,3.0504,0
2.6252,4.1476,2.4824,2.8246,3.3252,3.3095,0
2.9069,4.0887,2.5259,3.0809,3.5538,3.202,0
3.8341,4.5525,3.0635,3.7172,3.3855,3.881,0
3.1282,3.918,2.6109,3.2738,3.5655,3.5269,0
3.4509,4.7621,3.268,3.5809,3.8474,3.9299,0
3.7231,4.5838,2.8988,3.937,4.1961,3.9216,0
2.9874,3.6859,2.3637,2.7351,3.0464,3.3351,0
3.2553,3.9215,2.8137,3.2691,3.2451,3.3865,0
3.2862,4.3787,3.6147,3.3243,3.7462,3.483,0
2.4318,3.6496,2.3383,2.8001,3.21,3.1418,0
3.9115,4.5652,2.664,4.2798,3.7468,4.1857,1
2.9154,4.0782,2.2353,3.3038,3.6795,3.4605,0
3.3731,4.2033,2.7626,3.1709,3.2482,3.1823,0
3.2564,4.5032,2.9879,3.5222,3.8983,3.7623,0
2.7011,4.1492,3.6634,3.0851,3.3122,3.1731,0
4.0762,4.7943,3.453,3.8452,3.884,3.8474,0
3.2197,4.2686,2.7156,3.1593,3.4328,3.4025,0
2.8305,3.8682,2.199,3.1758,3.383,3.0702,0
3.4507,4.6041,3.8902,3.9091,4.4416,3.913,0
2.7657,4.1194,2.5415,2.6706,3.2641,3.2661,0
2.9622,3.9681,2.4894,3.4127,3.5602,3.0338,0
2.8926,3.887,2.4519,2.7877,3.0448,3.3917,0
2.8758,3.8441,3.9247,2.7751,2.8666,3.3095,0
3.3617,4.5935,2.968,3.7566,4.0476,4.0431,1
3.8062,4.9134,3.188,3.7356,3.9297,3.7905,0
2.9805,4.2657,3.1731,3.2047,3.5402,3.2096,0
3.0713,4.1679,2.2777,3.4586,3.8749,3.3459,0
3.5066,4.4392,2.7736,3.9431,3.7347,3.97,0
2.0536,3.2024,2.08,2.3755,2.3481,2.9395,0
2.8479,3.6218,2.6986,2.6729,2.6839,3.0943,0
3.8515,4.6746,3.1582,3.6933,3.5493,3.8309,0
2.8099,4.043,2.4223,3.0154,3.3092,2.9441,0
3.4256,4.6354,3.0117,3.4966,3.6724,3.6763,0
3.503,4.1542,2.9589,3.6769,3.4399,3.8056,0
3.2712,4.232,3.6843,3.1631,3.4653,3.3391,0
4.0686,4.8271,3.4902,3.8725,3.9098,3.782,0
2.9009,3.9665,3.3549,2.7992,3.1202,3.0113,0
2.1698,3.6815,3.3538,3.0852,3.22,2.9571,0
2.7264,3.8081,2.5532,2.8461,3.2584,3.6546,0
3.0918,4.0217,2.5591,2.9399,3.4447,3.2843,0
3.2948,4.5225,2.9505,3.609,3.815,3.8867,0
3.1356,4.3297,2.7103,3.5069,3.7565,3.7375,0
3.4346,4.3963,2.8885,3.8398,4.1064,3.8797,0
2.88,3.7153,2.6903,2.7177,3.249,3.6426,0
3.0902,3.7473,2.4499,3.1693,3.527,3.3105,0
2.1955,3.7064,2.3197,2.2427,3.061,3.3019,0
2.8959,4.0839,3.2726,2.6787,3.6014,3.3187,0
3.1329,4.4097,3.5014,3.4791,3.9449,3.3652,0
3.0083,3.9504,2.3911,2.7979,2.8746,3.156,0
3.1219,4.5134,2.9476,3.3622,3.5587,3.5145,0
4.6992,4.3706,3.4972,4.6529,3.9839,3.6864,0
3.6441,4.5808,3.3464,3.7881,3.8058,3.9438,0
2.7649,3.8557,2.3673,2.9255,3.5236,3.419,0
2.9522,4.3167,3.372,3.1035,3.7181,3.425,0
3.6413,4.7177,3.051,3.9079,4.2145,3.8108,1
3.7854,4.7839,3.1652,3.7645,4.0743,3.9726,0
3.0392,3.9838,2.5584,2.9961,3.1658,3.2713,0
3.564,3.9499,3.0088,3.1672,2.6769,3.4151,0
3.2854,3.985,2.6455,3.0106,3.3184,3.1777,0
2.9685,3.8943,2.6871,2.8851,3.068,3.2292,0
3.0662,4.1344,2.9409,3.0314,3.4033,3.284,0
3.1047,4.2018,2.8944,3.3989,3.8389,3.9807,0
2.5413,3.8669,2.6636,2.6115,3.078,3.0337,0
2.6176,3.6471,2.2484,2.9644,2.9905,2.9013,0
2.9614,4.177,2.9936,3.152,3.5765,3.4627,0
3.3577,4.8104,3.8267,3.8186,4.5518,3.797,0
3.5671,4.5074,3.0831,3.553,3.9316,3.7754,0
3.2671,3.8621,3.3683,3.1288,3.0047,2.8811,0
3.8331,4.8281,2.9798,4.0751,3.657,4.0943,0
3.4052,4.3246,3.7373,3.4908,3.8538,3.7693,0
2.4586,3.8416,2.3896,2.9588,3.1571,3.32,0
2.8073,4.1646,3.4105,2.6517,3.4717,3.0984,0
3.7805,3.5481,2.1279,3.7609,3.2501,3.4504,0
3.5621,4.6122,2.73,3.7876,3.7285,3.709,0
3.6796,4.7481,2.8718,3.7599,3.9566,3.6414,0
1.7931,3.8831,3.0297,2.621,2.8572,3.3723,0
2.7057,4.3427,3.5236,3.0581,3.7074,3.4412,0
3.6732,4.7296,3.1238,3.6804,3.8342,3.7416,0
3.5735,4.707,2.8108,3.5056,3.9251,3.773,0
3.155,4.2833,3.3644,3.7924,3.8773,3.6364,0
3.6248,4.376,2.9679,3.6748,3.7634,3.7862,0
3.6801,4.5676,2.8843,3.8299,3.9119,3.8882,0
3.6014,4.6567,3.0356,3.691,4.031,3.8343,0
3.5698,4.3901,3.0792,3.7232,3.7394,3.677,0
3.0975,4.2648,3.9087,3.6193,4.1984,3.5426,0
3.9651,4.7253,3.1352,4.2164,4.1911,3.7094,0
4.1781,4.8445,3.029,3.8554,3.8062,3.7819,0
2.9958,4.1286,3.1271,2.9658,3.58,3.2419,0
2.9344,4.0701,2.2604,3.2822,3.6789,3.6325,0
3.5021,4.3746,3.183,3.8136,3.8444,4.0239,0
2.474,3.6211,2.3965,2.8575,3.283,3.3683,0
2.7682,3.6687,3.6027,3.218,3.7094,3.6801,0
3.3385,4.5288,2.7603,3.7111,3.6288,3.9148,0
3.7746,4.6981,2.7286,3.7727,3.7553,3.8775,0
3.4232,3.9355,2.668,3.227,2.914,3.328,0
2.5553,3.5733,2.1817,2.6541,2.6058,2.8022,0
2.9752,4.0635,2.5862,2.5654,3.0416,2.7962,0
2.7801,3.8346,3.2593,2.6879,3.5445,3.1938,0
3.1821,3.9034,2.818,3.1327,3.0443,3.4286,0
2.7452,4.2049,2.4837,3.1682,4.0161,3.4802,0
2.8133,3.7249,2.1929,2.6841,3.17,3.1164,0
2.8532,3.9005,2.4023,3.1119,3.3764,3.2779,0
2.7098,4.036,2.4104,2.9612,3.368,3.4476,0
3.1139,4.1243,2.4858,3.0966,3.4009,3.2482,0
3.0344,4.2131,2.9976,3.0539,3.3984,3.4608,0
2.6542,4.2797,2.7764,2.9231,3.5339,3.3079,0
3.7889,4.5417,2.9586,3.5986,3.6734,3.8063,0
2.1587,4.1439,2.4743,2.7325,2.9656,3.1832,0
2.1129,3.7553,2.5474,2.0575,2.9197,2.8864,0
3.5133,4.3612,2.565,3.6547,3.6286,3.4583,0
2.2757,3.7011,2.3633,2.585,3.1307,3.2049,0
2.4481,3.6789,2.3047,2.6904,3.1424,2.9267,0
3.0709,3.9108,2.4574,3.1049,3.5483,3.2708,0
3.9677,4.5596,3.0685,3.8145,3.7048,3.7755,1
2.8983,4.1442,3.4834,3.0392,3.304,3.2002,0
2.6291,3.9856,3.2656,2.4206,2.9877,3.1601,0
2.9487,3.8396,3.0177,2.973,3.2902,3.165,1
3.2796,4.4352,2.5495,3.2879,3.5104,2.9412,0
3.6989,4.5627,3.0882,3.6935,3.7387,3.9776,0
3.5088,4.2699,3.3827,3.7388,3.5184,3.9927,0
3.3203,4.3688,3.6546,3.6522,3.7357,3.4025,0
3.794,4.726,2.7458,3.8811,3.7482,4.0757,0
2.8289,3.6671,2.4581,2.8214,2.6933,2.711,0
3.2862,4.5408,3.5081,3.8005,4.0043,3.3504,0
3.1609,4.3754,3.4932,3.2772,3.6943,3.2565,0
2.8824,4.3327,2.7429,3.2638,3.8074,3.4231,0
2.6567,4.3434,2.3163,2.5375,2.9814,2.954,0
3.2595,4.4283,3.2442,3.5828,3.7128,3.8295,0
3.7568,4.5075,3.141,4.109,3.5855,3.9375,0
2.5753,4.1605,3.3866,3.5251,3.6502,3.282,0
3.6581,4.6296,2.9764,3.9608,3.832,3.7567,0
3.5632,4.4227,2.8447,3.7862,4.0222,3.9804,0
2.7158,4.3128,2.5362,2.941,3.5909,3.4413,0
3.2862,4.5909,3.5059,3.4753,3.9501,3.5863,0
2.4944,3.4665,2.428,2.808,2.7129,2.7548,0
2.9788,3.9717,2.4485,3.3386,3.3218,3.4527,0
3.7107,4.5488,2.8829,3.8297,3.8687,3.783,0
3.5892,4.3166,2.8696,3.9033,3.4785,3.8838,0
3.2583,4.0568,3.8214,3.234,3.2334,3.2816,0
3.2511,4.4767,3.9119,3.8901,4.3987,4.0562,0
3.6155,4.4307,2.9406,3.5554,3.6609,3.7521,1
2.3933,3.443,2.097,2.3164,2.365,2.4781,0
3.1277,4.3737,3.3733,3.1508,3.2951,3.191,0
3.0009,4.3075,1.773,4.1688,3.8805,3.8029,0
3.7647,4.5623,2.7955,3.812,3.9499,3.8292,0
2.8195,3.411,2.5293,2.8312,2.9208,3.1072,0
3.9474,3.7356,2.5495,3.6631,3.125,3.2703,0
2.8116,3.8916,2.5622,2.9302,3.5103,3.5719,0
3.7844,3.6465,2.0663,3.6877,3.6134,2.7717,0
3.2156,4.0024,3.6459,3.1511,3.2776,3.2905,0
2.0013,4.0087,2.9129,2.8816,3.2756,3.8376,0
3.9318,4.7494,3.6128,4.2298,4.5417,4.2193,0
3.334,4.4629,3.87,3.3459,3.7319,3.5476,0
2.4782,3.8188,2.2472,2.8929,3.4896,3.2546,0
2.7291,4.0871,2.439,3.1676,3.4421,3.4104,0
3.831,4.8718,2.8054,3.3879,3.6502,3.3781,0
3.4981,4.3986,2.8518,3.4318,3.6443,3.9257,0
3.0723,4.3863,2.5744,3.4855,3.887,3.3442,0
3.4077,4.289,2.8517,3.6233,3.67,3.755,0
2.3069,4.1073,2.724,2.5407,3.3068,3.677,0
2.9077,3.9337,2.4863,2.7406,3.1309,3.359,0
4.0867,4.3009,3.5223,3.8886,3.74,3.249,0
4.0776,3.5072,2.0356,4.1026,2.7878,2.96,0
4.2828,3.8695,2.259,4.0682,3.5402,3.5363,0
3.6163,4.6183,3.0187,3.9823,4.3285,4.1372,0
3.6807,4.5926,3.1478,3.8293,4.048,3.8283,0
2.8068,4.033,2.7596,2.9523,3.2904,3.0736,0
3.2983,4.8913,3.1912,3.5395,4.0539,3.2629,0
3.3233,3.8525,2.5984,3.0862,3.1399,3.396,0
3.0273,3.9809,2.9381,3.0102,3.3811,2.7874,0
3.3298,4.3116,3.5252,3.4895,3.7212,3.4124,0
3.5584,4.6666,3.1644,3.4211,3.7162,3.6773,0
3.8944,4.7462,2.8747,4.0411,4.0193,3.6701,0
2.8617,4.807,3.1335,3.5629,4.3696,3.8196,0
3.1216,3.9115,2.6482,2.7391,2.9783,3.2599,0
4.2797,3.9457,2.6039,4.1295,3.3481,3.2866,0
3.0285,4.0504,2.7617,2.9297,3.4348,3.2589,0
3.3772,4.408,3.5738,3.454,3.9321,3.4522,0
3.1882,4.4475,3.0443,3.1222,3.5427,3.434,0
2.5054,3.7005,1.8588,3.0769,3.3955,3.2768,0
3.3183,4.1739,3.1975,3.4387,3.5082,3.685,0
2.6247,3.4277,2.1704,2.6881,3.1897,3.3657,0
2.4455,3.9399,2.7005,3.0656,3.685,3.1567,0
3.4407,4.5638,3.7274,3.3641,3.7697,3.4519,0
3.6642,4.5129,3.0224,3.5695,3.7358,4.0732,0
3.4061,4.8621,3.1817,3.7215,4.3248,3.7584,0
3.6126,4.4514,3.0912,3.3854,3.3245,3.4974,0
3.4743,4.3356,2.8189,3.7351,3.7253,3.7779,0
3.0795,4.1154,3.0547,3.1209,3.6061,3.1563,0
2.8933,4.4677,3.9064,3.7629,4.3624,4.0307,0
3.0088,4.3333,2.9697,3.1334,3.6862,3.304,0
3.1018,4.1731,2.9055,3.0149,3.1968,3.7908,0
3.1529,4.1877,2.9204,3.3235,3.629,3.7726,0
3.4407,4.6362,2.5153,3.6805,4.3509,3.6202,0
3.6641,4.7372,2.6917,3.8978,4.1054,3.7356,1
3.1937,4.1808,2.5745,3.0984,3.2987,3.4239,0
4.0939,4.7517,2.9539,4.3248,3.8536,3.9541,0
3.4859,4.7176,3.0267,3.6983,3.7405,3.8658,0
3.4588,3.9554,2.549,3.4631,3.3122,3.3689,0
3.6155,4.4285,3.1345,3.5669,3.5293,3.8618,0
3.0272,4.1647,3.0722,3.1523,3.4711,3.4168,0
3.1979,4.4203,3.0312,3.4987,4.1967,3.7018,0
2.8189,4.0139,3.2942,3.0037,3.6745,3.2769,0
3.5582,4.5151,2.7232,3.2023,3.5477,3.511,0
3.0569,4.0534,2.5556,2.946,3.0056,3.213,0
3.1838,4.5351,3.1408,3.7295,4.0778,3.6985,0
2.5913,3.8322,2.1647,2.8712,3.3053,3.0273,0
2.595,3.7183,2.3821,2.6224,2.9282,2.9407,0
3.618,4.1273,1.5001,3.4256,3.0761,2.2386,0
3.1721,4.4731,3.5359,3.3551,3.9432,3.3948,0
3.2758,4.3969,3.817,3.336,3.4858,3.1847,0
3.3979,4.4232,2.943,3.5784,3.9744,3.8577,0
2.6786,3.4922,2.1514,2.5736,2.7653,3.142,0
3.8235,4.4986,2.8434,4.0527,3.5341,4.0082,0
3.307,4.3454,3.8869,3.2152,3.6175,3.5661,0
2.7442,4.3763,4.0099,3.7274,4.3005,3.9227,0
2.6374,3.8936,2.2973,2.3369,2.844,2.8866,0
3.0012,4.2007,3.1432,2.6284,3.3247,2.9686,0
3.1341,4.5916,3.9093,3.7022,4.5485,3.8315,1
3.0843,4.1033,2.5941,3.3548,3.5033,3.5134,0
3.1121,3.8489,2.506,2.9321,3.142,3.1094,0
3.8949,4.5093,3.1784,4.1584,3.8382,3.9683,0
2.5207,3.7039,1.9431,2.5809,2.9461,2.6534,0
3.9522,4.7199,2.5851,4.1227,3.6237,3.9877,0
4.0167,4.9819,3.1282,3.8477,3.8906,3.9173,0
2.4498,3.5132,2.2155,2.6884,3.0522,3.08,1
3.1757,4.0674,3.6161,2.9305,3.142,3.2271,0
2.7678,4.1766,2.5458,2.8133,3.0868,3.041,0
3.2236,4.0802,3.6148,3.2654,3.3538,3.4142,0
2.4142,3.2489,1.5905,2.337,2.3296,2.2224,0
3.1013,4.282,2.5237,3.3408,3.613,3.1647,0
2.8906,4.0594,2.3683,3.2177,3.5091,3.4783,0
2.8672,3.7357,2.3676,2.9802,3.6046,3.6364,0
3.8232,4.6155,2.8972,4.0427,3.664,3.9208,0
3.0876,4.1164,3.6795,3.2627,3.3599,3.4646,0
3.2628,4.4429,2.9432,3.2619,3.4237,3.4319,0
2.6993,4.0728,2.592,2.9117,3.1943,3.1433,0
2.3316,4.0795,3.1789,2.4992,4.1832,3.7271,0
3.0571,4.3592,3.414,3.3812,3.8306,3.9875,0
2.8938,4.2544,3.6816,3.0332,3.6658,3.4721,0
2.518,3.881,2.5674,2.7027,3.3017,3.3854,0
2.6014,3.9673,3.7057,3.1159,3.3453,3.4601,0
3.0088,4.2608,3.4219,3.2983,3.6124,3.5732,0
3.3918,4.4958,3.936,3.6688,3.887,3.6378,0
3.3056,4.5548,2.813,3.9736,4.1454,4.0602,0
2.9665,4.0762,2.5499,3.3076,3.5212,3.6078,0
3.7286,4.4853,3.6736,3.5386,3.6698,3.5067,0
3.7398,4.351,3.8423,3.1754,3.6791,3.5422,0
3.4094,4.488,3.423,3.5032,3.794,3.2228,0
2.9902,4.0535,2.9571,3.3509,3.5728,3.5899,1
2.9259,3.6786,2.4406,3.096,3.1898,3.1749,0
3.2897,4.5145,3.9292,3.2747,3.8546,3.6388,0
3.3524,4.3635,3.2539,3.3493,3.7021,3.0732,0
3.7495,4.5699,2.7034,3.7284,3.5367,3.5495,0
2.8543,3.232,2.3711,2.6186,2.3004,2.8004,0
3.171,4.3988,2.765,3.4865,3.8692,3.4393,0
3.3601,3.5845,3.2596,2.9456,2.5672,2.3116,0
3.5364,4.7416,2.9429,3.7838,4.3156,4.078,0
2.9618,3.8235,2.1983,3.3827,3.4966,3.2951,0
3.5158,4.6419,3.0131,3.7463,3.892,3.723,0
2.1905,3.4659,1.9675,2.75,2.8652,2.9568,0
2.4414,3.2654,1.8747,2.684,2.7354,2.8278,0
3.4759,4.2639,2.7864,3.4185,3.5073,3.3155,0
3.4833,4.5937,2.916,3.7584,4.0492,4.0156,0
3.2956,4.7004,3.948,3.4873,4.1221,3.7458,0
3.6671,4.6258,3.0681,3.9303,4.003,4.1589,0
2.3716,3.4736,2.2353,2.6881,2.7888,2.7321,0
3.3482,4.4732,3.1131,3.9142,4.1238,3.7127,0
3.9306,4.8829,3.3933,3.8533,4.1793,4.0615,0
2.4056,3.405,2.4924,2.4256,2.6995,3.2049,0
2.9403,4.3452,3.3765,3.4475,3.9834,3.6372,0
3.746,4.7734,2.8949,3.7949,4.043,3.5578,0
3.6716,4.8603,2.973,3.7462,4.2619,3.8964,0
2.6668,4.0172,2.4378,3.2593,3.8176,3.6845,0
4.1066,4.6188,3.0607,3.6847,3.4877,3.4754,0
3.0493,4.0848,2.8773,3.1833,3.4741,3.5457,0
3.4811,4.5622,3.8244,3.5988,4.0812,3.6161,1
2.7638,3.7839,2.6212,2.7905,2.9704,3.1974,0
3.433,4.7424,2.7759,3.7169,4.0944,3.7189,0
3.7076,4.569,2.8425,3.5416,3.7465,3.6207,0
3.0055,3.8925,1.9863,2.6338,3.0553,2.9812,0
2.8523,3.8665,2.9103,3.0977,3.295,3.212,0
2.7104,4.3108,3.3986,3.2797,4.0656,3.415,0
3.6274,4.5002,2.9982,3.577,3.8873,3.7906,0
3.4745,4.5608,3.0322,3.5851,3.9936,3.7942,0
3.875,4.8417,3.1486,3.9726,3.7664,3.7167,0
3.4009,4.7188,3.2849,3.9513,4.3174,3.927,0
3.2885,4.3616,2.9403,3.2737,3.4581,3.4229,0
3.5245,4.52,3.0263,3.6597,3.7613,3.945,0
2.934,4.0853,2.5926,3.3862,3.6524,3.3183,0
2.6771,4.1114,2.2596,2.9048,3.5328,3.4394,0
2.8996,3.8277,2.347,2.8836,3.1185,2.5886,0
4.1085,4.6467,2.9043,4.2541,4.4466,4.0237,0
2.7891,4.0475,2.8676,3.3325,3.8085,3.3536,0
3.5705,4.6232,3.0767,3.7934,3.8798,3.8595,0
3.6148,4.6696,2.989,3.795,3.8165,3.7313,0
3.5912,4.9235,3.6862,3.9864,4.4075,3.5013,0
2.6359,3.6882,2.3051,2.5375,2.9246,3.0744,0
3.0433,4.3602,3.0052,3.0057,3.2626,3.1463,0
3.9446,4.1312,3.5693,3.9792,3.2955,3.9068,0
4.0368,4.6519,2.5293,4.2378,3.8977,4.1136,0
2.6706,4.1038,3.4625,3.3969,3.9055,3.6833,0
3.4915,4.385,4.051,3.796,4.1349,3.8115,0
3.5103,4.3509,2.444,3.6475,3.6224,3.804,0
2.375,3.7973,2.278,2.9323,3.6745,3.5804,0
4.3001,4.0237,2.5538,4.1979,3.3404,3.3164,0
3.6004,4.7644,3.1324,3.7146,3.878,3.8765,0
4.0928,3.9739,2.2893,3.9051,3.322,3.3318,0
2.9326,4.0837,2.7007,3.1213,3.1165,3.251,0
3.1272,4.1688,3.4832,3.1264,3.3688,3.453,0
3.1282,4.4304,2.8794,3.5012,3.6929,3.2934,0
3.1462,4.2253,2.3427,3.1512,3.6719,3.2808,0
3.3215,4.3912,3.7405,3.3927,3.7643,3.6837,0
3.1062,4.2786,3.3786,3.4231,3.6259,3.1862,0
3.0193,4.254,2.4578,3.0256,3.431,3.2833,0
3.2147,4.3001,2.5795,3.2378,3.5552,3.0557,0
3.1091,3.7154,2.0001,3.0275,2.8506,3.4853,0
2.9487,3.928,2.8187,3.0839,3.7697,3.3161,0
2.6449,3.6794,2.2624,2.8635,3.0072,3.1671,0
3.8389,4.7172,3.0751,3.7624,3.9338,3.8266,0
3.0169,4.2374,2.6059,3.3595,3.4854,3.4995,0
3.6129,4.2399,2.9301,3.5544,3.5509,3.7255,0
3.2188,4.2591,3.6724,3.5184,3.6239,3.6012,0
3.0281,4.2756,3.5758,3.265,3.7519,3.5618,0
2.7392,3.8903,2.7193,2.9728,2.9375,3.3562,0
3.1275,3.9699,2.4398,2.7746,2.8211,2.9946,0
3.2874,4.0248,2.7725,2.9214,3.0704,3.0083,0
3.3128,4.4391,2.9549,3.6668,3.8429,4.2039,0
3.5708,4.5,3.2852,3.859,3.907,3.7139,0
3.303,4.7383,3.52,3.4468,4.1323,3.443,1
2.7813,4.1229,2.5116,2.9244,3.2917,3.165,0
3.8765,4.6977,2.9061,3.5509,3.6833,3.5771,0
2.9566,3.9354,2.8003,2.9189,2.8088,3.1247,0
3.4845,4.3804,2.746,3.3858,3.4551,3.7229,0
3.0725,4.3739,2.9673,3.2795,3.6352,3.44,0
2.7118,4.1601,3.5753,3.104,3.3505,3.1596,0
3.0921,4.4918,3.5247,2.9137,3.973,3.2596,0
3.1768,4.4692,3.8363,3.4899,4.0268,3.5315,0
2.4308,3.702,3.0607,2.6641,2.9621,2.8813,0
3.4303,4.0105,3.7019,3.4154,3.7255,3.5225,0
2.6501,4.0444,2.3119,3.1504,3.6587,3.374,0
3.6853,4.3751,2.8642,3.6319,3.5409,3.3452,0
3.4413,4.7198,2.9104,3.6467,3.7201,3.7041,0
2.5997,3.5903,2.5459,3.1733,3.168,3.2273,0
3.6732,4.7296,3.1238,3.6804,3.8342,3.7416,1
3.5837,4.7726,2.8941,3.8165,3.8191,3.7246,0
3.2187,4.1752,2.5571,3.9176,3.35,3.307,0
2.9531,4.6208,3.6252,3.6126,4.4146,3.6484,0
3.0671,3.6112,2.5847,3.1344,3.0046,3.2523,0
4.3719,4.17,3.2723,4.464,3.4852,3.1811,0
3.2341,4.5555,2.9902,3.3973,3.892,3.4122,0
4.2261,4.6447,2.8869,3.8457,3.9122,3.7932,0
3.8015,4.1835,3.7871,3.264,3.5861,3.4585,0
2.4397,4.0862,2.9675,2.6214,2.6139,2.8947,0
2.5621,3.7258,1.9589,2.9114,3.0074,2.797,0
2.9646,3.9487,2.5744,3.0456,3.4117,3.3803,0
2.849,3.5716,2.0804,2.6616,2.8801,3.1414,0
2.9962,3.6147,2.2342,3.1502,2.9102,3.046,0
2.8551,4.037,3.5221,2.8018,3.5318,3.1245,0
3.4467,4.3457,2.9198,3.295,3.379,3.3497,0
3.3572,4.5417,3.528,3.4737,3.7201,3.2233,0
3.0322,4.1798,3.4311,3.4931,3.811,3.7485,0
2.8758,3.8441,3.9247,2.7751,2.8666,3.3095,0
2.249,3.3978,2.1095,3.0213,3.0913,2.9093,0
3.2009,4.2627,2.5252,3.2465,3.5119,3.4479,0
3.569,4.5221,3.1325,3.743,4.0836,3.8152,0
2.7395,3.6987,2.387,2.9184,2.8319,2.82,0
3.1204,4.331,2.895,3.4006,3.836,3.4587,0
2.8316,3.6139,2.3277,2.6559,2.8779,3.1735,0
2.4536,3.3807,1.9036,2.7125,2.7265,2.8947,0
5.0689,4.4179,3.6578,5.4686,3.643,3.3022,0
3.5624,4.4922,3.4006,3.2825,3.6135,3.5457,0
3.1001,4.6479,3.5243,3.8681,4.3706,3.5163,0
3.4135,4.7163,3.1387,3.5758,3.8287,3.8632,0
3.8249,4.3004,2.8197,3.7537,3.9282,3.866,0
3.1485,3.9761,2.6747,2.8504,3.0884,3.3752,0
2.8183,3.6941,2.2921,2.6951,3,3.0936,0
3.1818,4.416,2.8946,3.4962,3.7985,3.5019,0
3.6085,4.7255,3.1894,3.6285,4.1458,3.3965,0
2.7491,3.7272,2.4255,2.7647,2.8253,3.22,0
2.7072,3.6054,2.0268,2.654,2.5109,2.7709,0
3.6409,4.4896,3.2955,3.4869,3.7616,3.9196,0
3.5228,4.7274,3.128,3.553,4.2403,3.4784,0
3.6147,4.655,3.1707,3.8196,3.8674,3.9051,0
2.7055,3.9763,2.6946,2.9557,3.3959,3.4557,0
3.947,4.6544,2.7251,3.6301,3.7574,3.6697,0
3.1997,4.4969,3.3972,3.423,3.7966,3.3985,0
2.8411,3.8078,2.3481,3.155,3.409,3.4864,0
3.6278,4.3923,2.9011,3.4359,3.7517,3.7006,0
3.306,4.0947,2.8617,3.4175,3.1305,3.1008,0
3.0771,4.1468,2.7563,3.555,3.2932,3.3141,0
3.4018,4.1248,2.9305,3.4005,3.3931,3.6261,0
2.5468,3.4921,2.1702,2.5071,2.5617,2.9654,0
3.426319054,4.485213166,3.063543699,3.561297113,3.739712915,3.686765682,1
3.662099851,4.735489347,2.723219885,3.898686031,4.114970886,3.742196981,1
3.896651667,4.533597359,3.042699086,3.762232473,3.695944174,3.770779583,1
3.655231931,4.681272772,2.737116923,3.835322079,4.024291835,3.738610764,1
3.746992796,4.688709352,2.794578806,3.875056357,3.99602301,3.746494014,1
3.491141644,4.571947039,3.775921803,3.618174981,4.0895555,3.62830417,1
3.885930485,4.566516146,2.678138109,4.25546757,3.760789287,4.179068111,1
3.511317572,4.187709119,2.918480967,3.496519288,3.496918388,3.309832219,1
3.829541888,4.640419765,2.897031039,3.852407018,3.887099537,3.757342857,1
3.652060435,4.726903004,2.881428753,3.903133316,4.163010373,3.775309441,1
3.431851961,4.730453856,3.341366923,3.622424119,4.163608398,3.583087944,1
3.819518817,4.629148115,2.674298621,4.137775699,3.880124383,4.018356707,1
3.666584845,4.735124745,2.809689195,3.838436772,4.031346147,3.73723836,1
3.642357271,4.718604245,3.034338711,3.907431648,4.209440867,3.807312861,1
3.330448104,4.59323911,3.097250481,3.749130303,4.116378887,4.014045074,1
3.990211754,4.570987217,3.071914852,3.859234559,3.707676356,3.801807493,1
3.870874424,4.615492523,3.086681509,3.770410663,3.747344073,3.764354373,1
3.327964989,4.67671686,3.285235542,3.578557299,4.096277265,3.698221288,1
3.718865999,4.699125013,2.685568156,3.982361891,4.026018078,3.835236929,1
3.440548279,4.602296339,3.755090938,3.564191007,4.092834997,3.576686733,1
3.670483659,4.728586694,3.117600952,3.699772024,3.866583212,3.747492501,1
2.543576817,3.574552482,2.366287257,2.741895454,3.096936185,3.095977209,1
3.545785031,4.475418664,2.94812636,3.610666556,3.767120562,3.832033239,1
3.435922704,4.606869971,3.747185126,3.560243296,4.094162155,3.572191016,1
3.571184604,4.693046752,2.776595912,3.854414901,4.087640377,3.830082421,1
3.588717457,4.447879661,2.943491417,3.576631866,3.701706971,3.782808116,1
3.997603172,4.57472605,3.07303607,3.873922523,3.708620767,3.810445189,1
2.920750899,3.821314599,2.972759594,2.957056296,3.276866895,3.160238177,1
2.8734,4.0364,2.9471,2.922,3.2245,3.608,0
3.8252,4.1144,2.9602,3.8432,3.629,4.0513,0
2.8018,3.8281,2.3726,2.9644,3.2251,3.2408,0
3.4778,4.4547,2.8467,3.5929,3.6889,3.6751,0
2.9576,4.4543,2.8264,3.7066,3.9992,3.5589,0
4.2626,3.7158,2.1087,4.2603,3.3862,3.3102,0
2.8324,4.5562,3.5764,3.4203,4.1105,3.4677,0
4.256,4.5697,2.7948,3.9946,3.7141,4.0181,1
3.2966,4.2491,3.2146,3.3356,3.5789,3.1518,0
3.5468,3.9413,2.9198,3.1487,3.0412,3.4648,0
3.5017,4.4967,3.0841,3.7206,3.9517,4.1485,0
3.3758,4.249,2.837,3.188,3.4079,3.7104,0
4.0102,4.6337,3.1236,3.9363,4.154,4.1011,0
3.2517,4.2234,2.6676,3.326,3.3037,3.3049,0
3.1346,4.0291,2.9104,3.3291,3.1334,3.0947,0
3.854,3.9957,2.6099,2.9639,3.1799,3.3055,0
3.5533,4.4782,2.9898,3.6811,3.7513,3.7056,0
3.1266,4.3875,2.3477,3.2883,3.3066,3.4462,0
2.8217,3.8178,2.4313,3.0304,3.3615,3.5195,0
3.5682,4.6546,3.2635,3.5091,3.6253,3.7824,0
2.8101,4.2274,2.3236,3.1478,3.4961,2.6988,0
3.9108,4.6879,2.7908,3.8411,3.8101,3.6007,0
3.4886,4.7881,3.3881,3.7957,4.4983,3.6306,0
2.5668,3.9929,2.561,2.6933,3.2823,3.0442,0
2.8851,4.2657,3.5294,3.0698,3.5061,3.1926,0
3.0024,3.9744,2.5388,3.1247,3.4853,3.2976,0
2.8791,3.4511,2.304,2.8274,2.7872,3.1559,0
3.4552,4.7986,2.8463,3.657,3.8427,3.8495,0
3.5688,4.6079,3.0568,3.6533,3.9241,3.6836,0
3.6524,4.5866,2.9798,3.978,3.9936,4.0658,0
3.3501,4.1055,3.0228,3.2098,3.4843,3.8996,0
2.6057,3.8276,2.4875,3.0756,3.4854,3.5024,0
2.92,4.491,2.6443,3.3765,3.7718,3.2721,0
3.4041,4.3732,2.9477,3.5417,3.9182,3.9008,0
3.5454,4.6515,3.2567,3.5609,3.7052,3.8226,0
2.6444,3.9513,2.8915,2.7851,3.0482,3.2827,0
2.9928,4.0685,2.0568,3.1048,3.2752,3.3074,0
2.9497,4.1188,2.7599,3.2428,3.5109,3.3454,0
2.9906,4.0533,2.3649,3.1973,3.5242,3.3047,0
3.8527,4.6145,2.899,3.7399,3.6423,3.4876,0
3.7313,4.5364,2.8929,4.1079,4.2395,3.9555,0
3.5403,4.542,3.5938,3.4149,3.8542,3.5644,0
2.9025,4.028,2.4582,3.0279,3.3366,3.4709,0
2.6429,3.8558,2.351,3.3468,3.7768,3.6652,0
4.1606,4.8871,2.999,3.8218,4.0323,3.8075,0
4.2351,4.9323,3.1992,4.0119,3.6452,3.9848,1
2.9579,4.1716,3.4732,3.0796,3.536,3.3924,0
3.2693,4.2885,3.4063,3.024,3.4495,3.0484,0
2.9309,4.1553,3.3669,3.1599,3.5541,3.4995,0
3.6906,4.7137,3.8412,3.8554,4.2063,3.6995,0
3.3144,4.3882,2.5291,3.2706,3.2012,3.0223,0
3.3715,4.6264,4.1485,3.5976,4.0782,3.6475,0
3.1525,4.3271,3.3498,3.3484,3.9575,3.8012,0
2.7567,3.6355,3.0266,2.6189,3.0747,3.0104,0
3.1742,4.1088,2.51,3.0071,3.094,3.2822,0
3.1505,4.3288,2.5561,3.1508,3.7085,3.4428,0
2.9367,4.0327,3.2373,3.0082,3.5679,3.5386,0
3.0004,4.099,2.3208,2.8645,3.0984,2.87,0
2.5528,3.5014,1.8988,2.7168,3.1575,3.1329,0
3.8087,4.4474,3.2393,3.7316,3.7085,2.6613,0
3.8484,4.5431,2.9297,4.0758,4.1234,4.0381,0
2.599,3.7875,2.5563,2.5789,3.0633,3.4445,0
2.3732,3.0252,2.0031,2.5643,2.0988,2.7609,0
3.6652,4.7332,3.1394,4.1657,4.2832,4.1464,0
3.0534,4.6562,3.9644,3.4344,4.2178,3.6396,0
3.3215,4.5475,2.8841,3.3618,3.7813,3.4656,0
3.0969,4.2627,3.051,3.2666,3.6298,3.3957,0
2.3539,3.9134,2.2717,2.6557,3.1751,3.1631,0
3.3883,4.3167,2.7992,3.5485,3.7362,3.5633,0
3.3313,4.0139,2.5905,3.1983,3.2104,3.3162,0
2.8149,4.0186,2.2001,3.1137,3.4409,3.2422,0
3.0838,4.4922,3.3504,3.4528,4.3077,3.6349,0
3.4941,4.329,3.7015,3.7628,3.8718,3.4167,0
3.514,4.6484,3.6665,3.5836,4.3272,3.5846,0
3.5054,3.2455,3.1373,3.3399,3.583,3.7351,0
2.8583,4.2507,3.6019,3.5126,3.8453,3.7182,0
3.204,4.6604,3.5092,3.907,4.3736,3.8334,0
3.091,4.3638,2.9561,3.31,3.6234,3.9146,0
2.792,3.8039,3.3708,2.8432,3.1101,3.0482,0
2.9948,4.3321,3.6412,3.0876,3.3597,3.2133,0
3.1986,4.3977,3.1512,3.194,3.8437,3.0894,0
3.1356,3.9589,2.5551,2.9564,3.2651,3.3697,0
2.3783,3.5724,2.2009,2.4401,2.9508,2.914,0
3.5317,4.5373,2.9891,3.4678,3.6525,3.9859,0
3.6559,4.598,3.3484,3.661,3.8116,3.9402,0
2.7579,3.9349,2.4085,3.4003,3.7236,3.6486,0
3.1155,4.1641,2.7434,3.3812,3.6807,3.7601,0
3.9812,4.6023,2.8729,4.0986,4.0206,3.919,0
2.2787,4.0806,2.4947,2.5743,3.0997,3.3552,0
3.1275,4.2676,3.6755,3.2438,3.8303,3.4751,0
3.0392,4.2529,2.4757,2.9198,3.1669,3.1807,0
3.1606,4.3834,3.4599,3.23,3.7146,3.3616,0
2.8586,4.2044,3.466,3.2546,3.6991,3.3941,0
3.1817,4.2157,3.2003,3.5395,3.8154,3.5921,0
3.4734,4.5453,3.4338,3.7077,3.6199,3.6236,0
3.8293,4.8534,3.2965,4.1557,4.2103,4.153,0
3.1764,4.1449,3.8156,3.3289,3.4137,3.4964,0
3.5416,4.6252,3.9937,3.6976,4.1813,3.7717,0
3.1638,3.781,2.7085,3.5,3.2075,3.2908,0
3.3097,5.0625,2.61,3.4669,4.7138,3.7228,1
3.9381,4.5336,3.4718,4.1506,3.517,4.2124,0
2.903,4.0588,3.2211,2.709,3.4835,3.3343,0
3.151,4.6726,3.1462,3.8052,3.9645,3.8376,0
3.644,4.3576,4.1204,3.6149,3.7934,3.6847,0
3.2093,4.215,3.0128,3.5326,3.7064,3.8085,0
3.7863,4.7723,3.1809,3.8061,3.7562,3.827,0
3.2546,4.879,3.6344,3.821,4.4655,3.6687,0
3.3954,4.3798,2.8656,3.5134,3.7624,3.8337,0
3.676,4.4904,3.2093,4.5178,4.5862,3.7146,0
3.0789,3.9827,2.4989,3.3276,3.3065,3.2127,0
3.0968,3.8446,2.4314,2.9918,3.271,3.1997,0
3.8582,4.8291,3.1049,3.7512,3.8566,3.9302,0
3.7113,4.5214,3.259,3.5827,3.7147,3.0234,0
3.4771,4.7339,3.6194,5.2169,4.0332,3.3796,0
3.7585,4.5017,3.7861,3.5363,3.7635,3.3355,0
2.5327,3.7353,2.187,2.7852,2.9909,3.4377,0
3.1852,3.9665,2.2204,3.2412,3.6204,3.4048,0
3.4459,4.6593,3.0648,3.5974,3.7134,3.8881,0
3.6558,4.4939,3.1245,3.8005,3.7997,3.7743,0
3.6984,4.7285,2.7964,3.9973,4.1043,4.0325,0
2.7932,3.7787,2.2687,2.789,2.9534,2.7743,0
2.4434,3.87,2.2156,2.7706,3.4905,3.2971,0
2.4664,3.9398,3.3386,3.3994,3.6116,3.2588,0
3.0007,3.8168,3.1139,2.6357,3.1107,2.7015,0
3.9794,4.6522,3.0721,3.8029,3.6599,3.7396,0
3.1632,3.9983,2.8092,3.0453,3.0206,3.012,0
3.5755,4.2784,3.1914,3.5803,3.3488,3.7022,0
3.645,4.3564,2.7691,3.5774,3.5177,3.5024,0
3.5788,4.7945,3.4452,3.8591,4.4304,3.5272,0
3.1857,4.1285,2.5694,3.2216,3.4777,3.3353,0
3.7454,4.383,2.8581,3.9359,3.5578,3.8444,0
3.6209,4.6348,3.19,3.6765,3.8361,3.6515,0
3.2525,4.3024,2.9325,3.4782,3.8016,3.6222,0
2.9975,4.5238,3.6966,3.4457,3.8886,3.2436,0
3.2821,4.4747,2.6404,3.3189,3.5916,3.2259,0
2.7591,4.1078,3.553,3.1725,3.6017,3.4906,0
3.5137,4.7974,3.2443,3.3774,3.4558,3.6223,0
3.4552,4.0277,2.5558,3.6572,3.2648,3.1158,0
3.386,4.6815,4.0903,3.686,4.243,3.74,0
3.5282,4.397,2.7728,3.6288,3.5941,3.5392,0
3.4717,4.7794,3.0532,3.7418,3.9817,3.9046,0
3.6922,4.7443,3.7753,3.8588,4.1591,3.6425,0
3.5422,4.6187,2.9992,3.7328,3.9773,4.005,0
3.6271,4.59,3.8022,3.7969,3.9856,3.6368,0
3.4644,4.1032,3.7751,3.246,3.4076,3.3274,0
2.7989,3.7315,2.4553,2.7806,3.2063,3.5526,0
3.3951,4.6013,3.9854,3.7732,4.0879,3.7864,0
3.4979,4.7522,3.3599,3.6946,4.2954,3.4479,0
3.564,3.859,2.5654,3.2631,2.9952,3.1787,0
4.2232,4.8667,3.7795,4.1164,4.3595,4.249,1
2.9573,4.6122,3.4805,3.7173,4.665,3.9903,0
1.9015,3.6225,2.7214,2.1688,2.7369,3.2146,1
3.93,5.0009,4.7902,3.7262,4.3216,3.6229,0
3.4796,4.7041,3.1441,3.7043,3.9182,3.9477,0
2.8685,4.0693,2.4231,3.2816,3.4958,3.49,0
3.6681,4.6274,2.9213,3.8922,4.0211,3.8647,0
2.8621,2.1345,1.7596,3.19,2.0816,1.2256,1
2.7635,3.9302,2.4175,2.8687,3.3528,3.3297,0
3.2232,4.2558,2.9985,3.2627,3.5828,3.5714,0
3.0713,4.285,3.1169,3.4175,3.6945,3.7976,0
3.6338,4.7325,3.1442,3.6128,3.8462,3.9448,0
3.4233,4.7202,3.8867,3.8472,4.1192,3.5187,0
3.704,4.5724,3.3836,3.8227,3.3749,4.1589,0
2.6402,3.555,2.0815,2.8151,2.8546,2.9711,0
4.1065,4.8829,2.8838,3.8649,3.641,3.7521,0
3.3938,4.7251,3.8881,3.6676,4.0701,3.8483,0
3.7374,4.7696,3.0802,3.7119,3.7083,3.792,0
3.2106,4.3852,2.7338,3.6303,3.7611,3.7147,0
3.9828,4.769,3.03,3.963,4.0017,3.7814,0
3.6038,4.8877,4.1549,3.8066,4.3323,3.7191,0
4.0732,4.7804,3.8237,4.0355,4.3623,3.9323,0
2.5367,3.6706,2.4262,3.0784,2.7893,3.115,0
2.9156,4.1352,2.6089,3.0152,3.4773,3.4138,0
2.9723,3.9326,2.6338,2.772,2.9791,3.3426,0
2.8139,4.1356,3.4075,3.0597,3.4449,3.6183,0
2.233,3.3458,1.7285,2.4476,2.7304,2.8335,0
2.953,5.3186,2.3885,2.9087,5.1157,2.9683,0
3.7512,4.7917,3.1998,3.6151,3.8582,3.5548,0
2.5718,3.966,2.0458,2.9176,3.4361,2.8788,0
2.9463,4.2448,3.1855,3.1165,3.8336,3.0716,0
2.8189,4.4389,2.6613,3.0203,3.6556,3.6603,0
2.8474,3.4192,2.4425,2.7464,2.8359,2.5671,0
3.0383,4.0237,3.2679,2.9582,3.6905,3.2637,0
3.5817,3.5832,1.6007,3.4668,3.0846,2.7679,0
4.0559,3.6238,2.5555,3.7972,3.5134,2.8604,0
2.9893,4.1387,2.403,2.846,3.2576,3.1943,0
3.0553,4.4011,3.3906,3.517,3.938,3.111,0
3.7288,4.3015,2.8989,3.933,3.8428,3.975,0
3.9973,4.8783,3.1508,4.1178,4.311,4.1564,0
4.0716,4.4599,3.0684,3.6942,3.7684,3.9487,0
4.0037,4.7697,3.4987,4.2133,4.2926,4.2834,0
3.2207,4.4985,3.6149,3.355,3.6955,3.2536,0
2.9725,4.0736,2.299,3.2253,3.4522,3.3155,0
2.648,3.7975,2.3512,2.7302,3.275,3.1426,0
3.5717,4.4368,3.0555,4.0791,4.2544,4.0425,0
2.879,3.7971,2.6062,2.7269,3.0222,3.0987,0
3.4559,4.4686,3.0739,3.838,4.0485,3.9781,0
3.5949,4.4774,2.7184,3.7254,3.9203,3.7104,0
3.9611,4.7958,3.2406,4.2315,3.9394,3.8078,0
2.8907,4.1535,3.4908,3.5799,3.9351,3.6808,0
3.6182,4.5152,2.8517,3.9183,3.6054,3.8982,0
3.0876,3.9209,2.5581,2.6911,3.0357,3.0799,0
4.3138,4.295,2.6795,4.4899,3.4599,3.252,0
2.4031,3.8445,3.1077,3.369,3.8175,3.3544,0
2.3727,4.267,2.5142,2.9615,3.7208,3.6163,0
